{"cameraMode":{"drawMode":0,"name":"Shaded","section":"Shading Mode"},"sceneLighting":false,"audioPlay":false,"sceneViewState":{"m_AlwaysRefresh":false,"showFog":true,"showSkybox":false,"showFlares":true,"showImageEffects":true,"showParticleSystems":true,"showVisualEffectGraphs":true,"m_FxEnabled":true},"in2DMode":false,"pivot":{"x":0.03000020980834961,"y":12.195905685424805,"z":4.778440475463867},"rotation":{"x":-0.005026936996728182,"y":-0.9944627285003662,"z":0.08855100721120835,"w":-0.05645525082945824},"size":7.914062976837158,"orthographic":false}